OID_,Link_ID,Link_Nm,Shp_Lng,Z_Min,Z_Max,Z_Mean,SLength,Shape_Length
1,RAIL103,Rutherglen - Dalmarnock,1358.791061229999968,0.000000000000000,0.000000000000000,0.000000000000000,0.012640001426485,0.013154776871977
2,RAIL106,Argyle Street - Glasgow Central,476.481200039999976,0.000000000000000,0.000000000000000,0.000000000000000,0.007522007426134,0.007522007426134
3,RAIL125,Kirkconnel - Sanquhar,5395.133892169999854,0.000000000000000,0.000000000000000,0.000000000000000,0.078701048239493,0.078701048239493
4,RAIL131,Maryhill - Westerton,3041.873972559999856,0.000000000000000,0.000000000000000,0.000000000000000,0.041974143132813,0.041974143132813
5,RAIL151,Motherwell - Shieldmuir,3332.975856389999990,0.000000000000000,0.000000000000000,0.000000000000000,0.046796385857627,0.046796385857627
6,RAIL174,Glenrothes with Thornton - Kirkcaldy,8052.553715359999842,0.000000000000000,0.000000000000000,0.000000000000000,0.094810788179610,0.094810788179611
7,RAIL222,Stirling - Alloa,10831.418671499999618,0.000000000000000,0.000000000000000,0.000000000000000,0.157433724965211,0.158581653614232
8,RAIL283,Kings Park - Mount Florida,1496.404793440000049,0.000000000000000,0.000000000000000,0.000000000000000,0.019633306223992,0.019633306223992
9,RAIL470,Eskbank - Shawfair,7037.378350609999870,0.000000000000000,0.000000000000000,0.000000000000000,0.067749557231105,0.067749557231105
10,RAIL471,Shawfair - Newcraighall,1668.454283880000048,0.000000000000000,0.000000000000000,0.000000000000000,0.017972766656496,0.017972766656496
11,RAIL504,Leuchars - Cupar,10121.912472500000149,0.000000000000000,0.000000000000000,0.000000000000000,0.134071599831609,0.134071599831609
12,RAIL519,Glasgow Queen Street - Charing Cross (Glasgow),1180.868805000000066,0.000000000000000,0.000000000000000,0.000000000000000,0.018576191623766,0.018576191623766
13,RAIL520,Charing Cross (Glasgow) - Partick,2778.688599520000025,0.000000000000000,0.000000000000000,0.000000000000000,0.040847387914760,0.041121493870250
14,RAIL521,Haymarket - Slateford,2747.733678930000224,0.000000000000000,0.000000000000000,0.000000000000000,0.033035894450131,0.033035894450131
15,RAIL574,Dalmuir - Clydebank,2221.126635829999941,0.000000000000000,0.000000000000000,0.000000000000000,0.029415908598044,0.029667021503628
16,RAIL641,Lochwinnoch - Glengarnock,6555.801377060000050,0.000000000000000,0.000000000000000,0.000000000000000,0.076737825729638,0.076737825729638
17,RAIL751,Baillieston - Bargeddie,2641.193897610000022,0.000000000000000,0.000000000000000,0.000000000000000,0.040641291878283,0.040641291878283
18,RAIL752,Bargeddie - Kirkwood,1645.780016579999938,0.000000000000000,0.000000000000000,0.000000000000000,0.025695392248371,0.025695392248371
19,RAIL808,Camelon - Cumbernauld,13873.434270300000207,0.000000000000000,0.000000000000000,0.000000000000000,0.186876315426902,0.186876315426901
20,RAIL85,Airbles - Motherwell,1446.837885550000010,0.000000000000000,0.000000000000000,0.000000000000000,0.014551052617789,0.014551052617789
21,RAIL935,Larbert - Cumbernauld,14481.520576799999617,0.000000000000000,0.000000000000000,0.000000000000000,0.185126047217809,0.185288805396008
22,RAIL1,Edinburgh - Haymarket,2038.853547129999924,0.000000000000000,0.000000000000000,0.000000000000000,0.030791205615887,0.030791205615887
23,RAIL10,Bridge of Allan - Stirling,4560.475059340000371,0.000000000000000,0.000000000000000,0.000000000000000,0.047840530177324,0.048546767874369
24,RAIL100,Westerton - Bearsden,1846.836641970000073,0.000000000000000,0.000000000000000,0.000000000000000,0.022198182031681,0.022198182031681
25,RAIL101,Bearsden - Hillfoot,808.003086647000032,0.000000000000000,0.000000000000000,0.000000000000000,0.012113153720174,0.012113153720174
26,RAIL102,Hillfoot - Milngavie,2614.506811889999881,0.000000000000000,0.000000000000000,0.000000000000000,0.027426360337178,0.027426360337178
27,RAIL104,Dalmarnock - Bridgeton,943.801627103999976,0.000000000000000,0.000000000000000,0.000000000000000,0.011134687735282,0.011134687735282
28,RAIL105,Bridgeton - Argyle Street,1857.697203209999998,0.000000000000000,0.000000000000000,0.000000000000000,0.026315134497863,0.026315134497863
29,RAIL107,Glasgow Central - Anderston,827.974042556999962,0.000000000000000,0.000000000000000,0.000000000000000,0.013048286558080,0.013048286558080
30,RAIL108,Anderston - Exhibition Centre (Glasgow),835.485969606000026,0.000000000000000,0.000000000000000,0.000000000000000,0.012923465826132,0.012923465826132
31,RAIL109,Hyndland - Jordanhill,742.359531168999979,0.000000000000000,0.000000000000000,0.000000000000000,0.010813818243567,0.010813818243567
32,RAIL11,Stirling - Larbert,12971.849696499999482,0.000000000000000,0.000000000000000,0.000000000000000,0.148181618934545,0.148181618934545
33,RAIL110,Jordanhill - Scotstounhill,1818.824084110000058,0.000000000000000,0.000000000000000,0.000000000000000,0.028374327028758,0.028374327028758
34,RAIL111,Scotstounhill - Garscadden,809.005894193000017,0.000000000000000,0.000000000000000,0.000000000000000,0.012319014457462,0.012319014457462
35,RAIL112,Glasgow Central - Crossmyloof,3416.742380669999875,0.000000000000000,0.000000000000000,0.000000000000000,0.038127482256740,0.039215262692771
36,RAIL113,Crossmyloof - Pollokshaws West,1593.263957030000029,0.000000000000000,0.000000000000000,0.000000000000000,0.020306201482007,0.020306201482007
37,RAIL114,Pollokshaws West - Kennishead,1917.931929780000019,0.000000000000000,0.000000000000000,0.000000000000000,0.026176020985351,0.026176020985351
38,RAIL115,Kennishead - Priesthill & Darnley,1128.987695139999914,0.000000000000000,0.000000000000000,0.000000000000000,0.017775735317672,0.017775735317672
39,RAIL116,Priesthill & Darnley - Nitshill,1071.330273649999981,0.000000000000000,0.000000000000000,0.000000000000000,0.017072651529564,0.017072651529564
40,RAIL117,Nitshill - Barrhead,2690.212708240000211,0.000000000000000,0.000000000000000,0.000000000000000,0.039356299665031,0.039356299665031
41,RAIL118,Barrhead - Dunlop,14610.527268199999526,0.000000000000000,0.000000000000000,0.000000000000000,0.181302247551614,0.181302247551614
42,RAIL119,Dunlop - Stewarton,3625.163702700000158,0.000000000000000,0.000000000000000,0.000000000000000,0.037258586156402,0.037258586156402
43,RAIL12,Larbert - Camelon,2549.823251119999895,0.000000000000000,0.000000000000000,0.000000000000000,0.030115047048748,0.030115047048748
44,RAIL120,Stewarton - Kilmaurs,5149.756234579999727,0.000000000000000,0.000000000000000,0.000000000000000,0.048760051665641,0.048760051665641
45,RAIL121,Kilmaurs - Kilmarnock,3674.185898329999873,0.000000000000000,0.000000000000000,0.000000000000000,0.044071287687731,0.044071287687731
46,RAIL122,Kilmarnock - Auchinleck,22287.973030199998902,0.000000000000000,0.000000000000000,0.000000000000000,0.272145009060455,0.272145009060454
47,RAIL123,Auchinleck - New Cumnock,11862.961671400000341,0.000000000000000,0.000000000000000,0.000000000000000,0.151694884608545,0.151694884608545
48,RAIL124,New Cumnock - Kirkconnel,12031.739703999999620,0.000000000000000,327.535707967588678,163.721632064363433,655.256355810863738,0.185890335618958
49,RAIL126,Sanquhar - Dumfries,42082.759710999998788,0.000000000000000,0.000000000000000,0.000000000000000,0.487294836889145,0.487294836889147
50,RAIL127,Dumfries - Annan,24907.384816599998885,0.000000000000000,0.000000000000000,0.000000000000000,0.357742219561069,0.358679099346602
51,RAIL128,Annan - Gretna Green,12949.430351299999529,0.000000000000000,0.000000000000000,0.000000000000000,0.199219416666267,0.199219416666268
52,RAIL13,Camelon - Falkirk Grahamston,2104.666254390000176,0.000000000000000,0.000000000000000,0.000000000000000,0.032873580743067,0.032873580743067
53,RAIL134,Dumbarton Central - Dalreoch,697.668095008000023,0.000000000000000,0.000000000000000,0.000000000000000,0.009727354185445,0.010978249957295
54,RAIL136,Helensburgh Upper - Garelochhead,11054.983114500000738,0.000000000000000,0.000000000000000,0.000000000000000,0.135525885846806,0.135525885846805
55,RAIL137,Garelochhead - Arrochar & Tarbet,17216.281695099998615,0.000000000000000,0.000000000000000,0.000000000000000,0.200389901325247,0.200389901325248
56,RAIL138,Arrochar & Tarbet - Ardlui,12863.183414600000106,0.000000000000000,0.000000000000000,0.000000000000000,0.141423759482913,0.141423759482913
57,RAIL139,Ardlui - Crianlarich,14045.457850599999801,0.000000000000000,161.454048011517330,48.509977734527439,996.465905480641936,0.170313492974853
58,RAIL14,Falkirk Grahamston - Polmont,5156.593045880000318,0.000000000000000,0.000000000000000,0.000000000000000,0.075430931979351,0.075430931979351
59,RAIL140,Crianlarich - Tyndrum Lower,8426.953689230000236,0.000000000000000,186.028319964359980,89.745110051316786,725.488601397283560,0.112721858487654
60,RAIL141,Tyndrum Lower - Dalmally,19484.812745300001552,0.000000000000000,234.170362074626610,75.176342792902659,5335.285903955001231,0.286035347823824
61,RAIL142,Dalmally - Loch Awe,4256.329606790000071,0.000000000000000,81.068619803940763,32.144210443356300,235.007327842448035,0.061873493566914
62,RAIL143,Loch Awe - Falls of Cruachan,5159.986153449999620,0.000000000000000,25.055049355257829,12.836257522081896,119.599056500277811,0.075156236904375
63,RAIL144,Falls of Cruachan - Taynuilt,9447.443311909999466,0.000000000000000,594.372906208596419,195.013410107198155,2970.481464889951894,0.136457309657899
64,RAIL145,Taynuilt - Connel Ferry,11007.872292899999593,0.000000000000000,0.000000000000000,0.000000000000000,0.158265052631376,0.158265052631376
65,RAIL146,Connel Ferry - Oban,9804.181986609999512,0.000000000000000,0.000000000000000,0.000000000000000,0.123685528947605,0.123685528947605
66,RAIL148,Newton (S Lanarks) - Uddingston,2994.095168819999799,0.000000000000000,0.000000000000000,0.000000000000000,0.046635760169182,0.046814250457542
67,RAIL149,Uddingston - Bellshill,4010.041680110000016,0.000000000000000,0.000000000000000,0.000000000000000,0.062779995796901,0.062779995796901
68,RAIL15,Polmont - Linlithgow,7609.764573229999769,0.000000000000000,0.000000000000000,0.000000000000000,0.120092647016702,0.120092647016703
69,RAIL150,Bellshill - Motherwell,4754.649894500000300,0.000000000000000,0.000000000000000,0.000000000000000,0.057437504882505,0.057437504882505
70,RAIL152,Shieldmuir - Wishaw,2198.870009010000103,0.000000000000000,0.000000000000000,0.000000000000000,0.032389159779003,0.032389159779003
71,RAIL153,Wishaw - Carluke,7081.684115179999935,0.000000000000000,0.000000000000000,0.000000000000000,0.091572809366316,0.091572809366316
72,RAIL154,Carluke - Lanark,13527.864997099999528,0.000000000000000,0.000000000000000,0.000000000000000,0.184674983340126,0.184674983340126
73,RAIL16,Linlithgow - Edinburgh Park,20590.455695100001321,0.000000000000000,0.000000000000000,0.000000000000000,0.305273823069594,0.305273823069592
74,RAIL163,Cumbernauld - Greenfaulds,1102.437823759999901,0.000000000000000,0.000000000000000,0.000000000000000,0.014554217549000,0.014554217549000
75,RAIL164,Greenfaulds - Gartcosh,8399.422292179999204,0.000000000000000,0.000000000000000,0.000000000000000,0.105792375793629,0.105792375793629
76,RAIL165,Gartcosh - Stepps,3919.838988420000078,0.000000000000000,0.000000000000000,0.000000000000000,0.061745578883636,0.061745578883637
77,RAIL167,Springburn - Glasgow Queen Street,2861.277742719999878,0.000000000000000,0.000000000000000,0.000000000000000,0.031551535767741,0.031551535767741
78,RAIL168,Glasgow Queen Street - Bishopbriggs,5124.537239260000206,0.000000000000000,0.000000000000000,0.000000000000000,0.053831739041024,0.053831739041024
79,RAIL169,Bishopbriggs - Lenzie,4888.510169080000196,0.000000000000000,0.000000000000000,0.000000000000000,0.073356576784482,0.073356576784482
80,RAIL17,Edinburgh Park - Haymarket,5949.150718560000314,0.000000000000000,0.000000000000000,0.000000000000000,0.091302203003406,0.091302203003406
81,RAIL170,Lenzie - Croy,8412.318647570000394,0.000000000000000,0.000000000000000,0.000000000000000,0.123510533077386,0.123510533077385
82,RAIL171,Croy - Falkirk High,16565.311379499999020,0.000000000000000,0.000000000000000,0.000000000000000,0.251254979825619,0.251254979825620
83,RAIL172,Falkirk High - Polmont,5112.382521749999796,0.000000000000000,0.000000000000000,0.000000000000000,0.078851956561969,0.078851956561969
84,RAIL175,Kirkcaldy - Kinghorn,5037.772959560000345,0.000000000000000,0.000000000000000,0.000000000000000,0.049864148781042,0.049864148781042
85,RAIL177,Burntisland - Aberdour,4488.320982500000355,0.000000000000000,0.000000000000000,0.000000000000000,0.069068013891779,0.069068013891779
86,RAIL178,Aberdour - Dalgety Bay,4472.892031680000400,0.000000000000000,0.000000000000000,0.000000000000000,0.068565053685259,0.068565053685259
87,RAIL179,Dalgety Bay - Inverkeithing,2346.156713859999854,0.000000000000000,0.000000000000000,0.000000000000000,0.033016392107842,0.033016392107842
88,RAIL180,Inverkeithing - North Queensferry,2897.183478190000187,0.000000000000000,0.000000000000000,0.000000000000000,0.032170182001257,0.032170182001257
89,RAIL181,North Queensferry - Dalmeny,3024.487893869999880,0.000000000000000,0.000000000000000,0.000000000000000,0.012504073235023,0.029273923770597
90,RAIL182,Dalmeny - Edinburgh Gateway,6465.470470930000374,0.000000000000000,0.000000000000000,0.000000000000000,0.077829611822229,0.077829611822229
91,RAIL183,Edinburgh Gateway - South Gyle,1394.457815960000062,0.000000000000000,0.000000000000000,0.000000000000000,0.021334020480145,0.021334020480145
92,RAIL184,South Gyle - Haymarket,5420.801004279999688,0.000000000000000,0.000000000000000,0.000000000000000,0.082965032048242,0.082965032048243
93,RAIL196,Crianlarich - Upper Tyndrum,8057.376629440000215,0.000000000000000,438.601895908825099,219.275026434666728,877.307490158767223,0.104982355579786
94,RAIL197,Upper Tyndrum - Bridge of Orchy,12060.849918800000523,0.000000000000000,118.711423211338115,40.737176239986923,614.670531085831726,0.139191725688849
95,RAIL198,Bridge of Orchy - Rannoch,25447.449021799999173,0.000000000000000,114.628425000584684,46.961944127210600,358.841774155019721,0.304188580919308
96,RAIL199,Rannoch - Corrour,11627.468782300000385,0.000000000000000,0.000000000000000,0.000000000000000,0.148814169220535,0.148814169220535
97,RAIL200,Corrour - Tulloch,16174.198559500000556,0.000000000000000,0.000000000000000,0.000000000000000,0.173317836711619,0.173502654703343
98,RAIL201,Tulloch - Roy Bridge,9094.915159129999665,0.000000000000000,0.000000000000000,0.000000000000000,0.140572397854572,0.140572397854572
99,RAIL202,Roy Bridge - Spean Bridge,5316.572471720000067,0.000000000000000,0.000000000000000,0.000000000000000,0.084641800094267,0.085250086325012
100,RAIL203,Spean Bridge - Fort William,14066.188870399999360,0.000000000000000,218.524621593125630,104.799939549024401,578.927293914794973,0.200672465655837
101,RAIL204,Fort William - Banavie,3495.224024600000121,0.000000000000000,0.000000000000000,0.000000000000000,0.042474654785568,0.043340114872819
102,RAIL205,Banavie - Corpach,1721.307604619999893,0.000000000000000,0.000000000000000,0.000000000000000,0.027067956658693,0.027232979067965
103,RAIL206,Corpach - Loch Eil Outward Bound,4660.843966110000110,0.000000000000000,164.281427725987839,59.418202795341962,790.367880229125035,0.071813332446621
104,RAIL207,Loch Eil Outward Bound - Locheilside,6047.438931740000044,0.000000000000000,37.199983442100347,18.576764091831848,74.492993592000332,0.098532160814822
105,RAIL208,Locheilside - Glenfinnan,10872.746300599999813,0.000000000000000,226.583005902932200,76.168505617790686,1756.567359490222316,0.166606365272311
106,RAIL209,Glenfinnan - Lochailort,14691.473822399999335,0.000000000000000,327.096985612137360,93.093264559028142,3629.212737857204502,0.224291616005093
107,RAIL210,Lochailort - Beasdale,7653.115286229999583,0.000000000000000,55.918977969343992,20.184389498276271,310.579248564266948,0.110063180248284
108,RAIL211,Beasdale - Arisaig,5467.865905460000249,0.000000000000000,315.511861393293657,141.690206950296414,1225.707270609230591,0.082003375603411
109,RAIL212,Arisaig - Morar,7694.733791689999634,0.000000000000000,47.975537003483623,21.017356505334430,379.659316417864261,0.085172027271628
110,RAIL213,Morar - Mallaig,4356.830487459999858,0.000000000000000,0.000000000000000,0.000000000000000,0.044457043700905,0.044457043700905
111,RAIL214,Inverkeithing - Rosyth,2543.632744030000140,0.000000000000000,0.000000000000000,0.000000000000000,0.035837556920963,0.035837556920963
112,RAIL215,Rosyth - Dunfermline Town,3461.381192870000177,0.000000000000000,0.000000000000000,0.000000000000000,0.042820914737844,0.042820914737844
113,RAIL216,Dunfermline Town - Dunfermline Queen Margaret,2593.008342109999830,0.000000000000000,0.000000000000000,0.000000000000000,0.035457844949029,0.035457844949029
114,RAIL217,Dunfermline Queen Margaret - Cowdenbeath,6420.706350389999898,0.000000000000000,0.000000000000000,0.000000000000000,0.088264178265565,0.088264178265566
115,RAIL218,Cowdenbeath - Lochgelly,3498.065086260000044,0.000000000000000,0.000000000000000,0.000000000000000,0.042456082637020,0.042456082637020
116,RAIL219,Lochgelly - Cardenden,3326.780895419999979,0.000000000000000,0.000000000000000,0.000000000000000,0.052040674327067,0.052040674327067
117,RAIL220,Cardenden - Glenrothes with Thornton,7911.112181659999806,0.000000000000000,0.000000000000000,0.000000000000000,0.121370912823816,0.121370912823816
118,RAIL221,Croy - Larbert,16252.502232200000435,0.000000000000000,0.000000000000000,0.000000000000000,0.228073433178396,0.228236191356598
119,RAIL225,Glasgow Queen Street - Ashfield,3543.051295599999776,0.000000000000000,0.000000000000000,0.000000000000000,0.038287058993138,0.038287058993138
120,RAIL226,Ashfield - Possilpark & Parkhouse,598.787169224999957,0.000000000000000,0.000000000000000,0.000000000000000,0.009384244019300,0.009384244019300
121,RAIL227,Possilpark & Parkhouse - Gilshochill,1746.106490339999937,0.000000000000000,0.000000000000000,0.000000000000000,0.025268474647860,0.025446165609625
122,RAIL228,Gilshochill - Summerston,582.358738828000014,0.000000000000000,0.000000000000000,0.000000000000000,0.008998686078013,0.008998686078013
123,RAIL229,Summerston - Maryhill,600.833253517999992,0.000000000000000,0.000000000000000,0.000000000000000,0.009338539068540,0.009338539068540
124,RAIL230,Maryhill - Kelvindale,725.739959911000028,0.000000000000000,0.000000000000000,0.000000000000000,0.009815954280449,0.009815954280449
125,RAIL231,Kelvindale - Anniesland,1049.605561619999889,0.000000000000000,0.000000000000000,0.000000000000000,0.013746977395600,0.014202557955224
126,RAIL232,Gourock - Fort Matilda,1884.229002110000010,0.000000000000000,37.378007000428624,18.683085153186944,74.779694939744132,0.024816026668349
127,RAIL233,Fort Matilda - Greenock West,2211.167572320000090,0.000000000000000,0.000000000000000,0.000000000000000,0.030166922786200,0.030166922786200
128,RAIL234,Greenock West - Greenock Central,1024.686283519999961,0.000000000000000,0.000000000000000,0.000000000000000,0.015774852541881,0.015774852541881
129,RAIL235,Greenock Central - Cartsdyke,1436.884619780000094,0.000000000000000,0.000000000000000,0.000000000000000,0.021481702475553,0.021481702475554
130,RAIL236,Cartsdyke - Bogston,1393.230165350000107,0.000000000000000,0.000000000000000,0.000000000000000,0.020988529531225,0.020988529531225
131,RAIL237,Bogston - Port Glasgow,1407.116259460000038,0.000000000000000,0.000000000000000,0.000000000000000,0.021825684747285,0.021825684747285
132,RAIL238,Port Glasgow - Woodhall,2186.570615929999803,0.000000000000000,0.000000000000000,0.000000000000000,0.034661253338811,0.034661253338811
133,RAIL239,Woodhall - Langbank,4523.082066539999687,0.000000000000000,0.000000000000000,0.000000000000000,0.070757594587017,0.070757594587017
134,RAIL240,Langbank - Bishopton,6374.822242610000103,0.000000000000000,0.000000000000000,0.000000000000000,0.091307129017029,0.091307129017030
135,RAIL241,Bishopton - Paisley St James,6694.932082369999989,0.000000000000000,0.000000000000000,0.000000000000000,0.077016809572916,0.077197761348194
136,RAIL242,Paisley St James - Paisley Gilmour Street,2228.598293619999822,0.000000000000000,0.000000000000000,0.000000000000000,0.032861574605654,0.033706358607128
137,RAIL243,Paisley Gilmour Street - Hillington West,3568.289574410000114,0.000000000000000,0.000000000000000,0.000000000000000,0.053803399980116,0.054252746654001
138,RAIL244,Hillington West - Hillington East,1057.427137390000098,0.000000000000000,0.000000000000000,0.000000000000000,0.016706876916544,0.016706876916544
139,RAIL245,Hillington East - Cardonald,914.459259191000001,0.000000000000000,0.000000000000000,0.000000000000000,0.014443387746719,0.014443387746719
140,RAIL246,Cardonald - Glasgow Central,5980.663499590000356,0.000000000000000,0.000000000000000,0.000000000000000,0.087418790329098,0.088545602018645
141,RAIL247,Wick - Georgemas Junction,22860.917516800000158,0.000000000000000,0.000000000000000,0.000000000000000,0.366162785958880,0.366346500796155
142,RAIL248,Georgemas Junction - Thurso,10674.801820599999701,0.000000000000000,0.000000000000000,0.000000000000000,0.127273724813996,0.127273724813996
143,RAIL250,Georgemas Junction - Scotscalder,6814.082542449999892,0.000000000000000,0.000000000000000,0.000000000000000,0.104841945945040,0.105006477288806
144,RAIL251,Scotscalder - Altnabreac,14605.986733199999435,0.000000000000000,0.000000000000000,0.000000000000000,0.190036723003826,0.190036723003825
145,RAIL252,Altnabreac - Forsinard,13008.287016899999799,0.000000000000000,56.000000000000000,28.083527860044253,114.206710937627079,0.200629976725808
146,RAIL253,Forsinard - Kinbrace,12228.794359699999404,0.000000000000000,0.000000000000000,0.000000000000000,0.128532181925184,0.128532181925184
147,RAIL254,Kinbrace - Kildonan,11619.159204600000521,0.000000000000000,0.000000000000000,0.000000000000000,0.130251828224803,0.130251828224803
148,RAIL255,Kildonan - Helmsdale,15444.225585899999714,0.000000000000000,0.000000000000000,0.000000000000000,0.231580814245156,0.231580814245155
149,RAIL256,Helmsdale - Brora,17539.676967300001706,0.000000000000000,0.000000000000000,0.000000000000000,0.235897347420581,0.235897347420583
150,RAIL257,Brora - Dunrobin Castle,7074.530649219999759,0.000000000000000,0.000000000000000,0.000000000000000,0.105030746407524,0.105174408133402
151,RAIL258,Dunrobin Castle - Golspie,2835.129691040000125,0.000000000000000,0.000000000000000,0.000000000000000,0.041218656710716,0.041367634976853
152,RAIL259,Golspie - Rogart,12075.513854999999239,0.000000000000000,0.000000000000000,0.000000000000000,0.181555351740322,0.181555351740321
153,RAIL26,Bridge of Allan - Dunblane,3381.194639129999814,0.000000000000000,0.000000000000000,0.000000000000000,0.032763298125711,0.032763298125711
154,RAIL260,Rogart - Lairg,16081.022720299999492,0.000000000000000,0.000000000000000,0.000000000000000,0.251745564013910,0.251745564013910
155,RAIL261,Lairg - Invershin,8911.260307619999367,0.000000000000000,0.000000000000000,0.000000000000000,0.086800412737923,0.086800412737923
156,RAIL262,Invershin - Culrain,706.038249016000009,0.000000000000000,0.000000000000000,0.000000000000000,0.007199099615280,0.008083862778604
157,RAIL263,Culrain - Ardgay,5007.388472339999680,0.000000000000000,0.000000000000000,0.000000000000000,0.058209442493095,0.058209442493095
158,RAIL264,Ardgay - Tain,21855.593986200001382,0.000000000000000,107.930247604608795,53.883313428535317,216.188324681556651,0.328668042241457
159,RAIL265,Tain - Fearn,5757.658538499999850,0.000000000000000,0.000000000000000,0.000000000000000,0.076189384541692,0.076189384541692
160,RAIL266,Fearn - Invergordon,14958.367237599999498,0.000000000000000,0.000000000000000,0.000000000000000,0.204207173183829,0.204207173183829
161,RAIL267,Invergordon - Alness,4546.643257599999743,0.000000000000000,0.000000000000000,0.000000000000000,0.075282318582107,0.075282318582107
162,RAIL268,Alness - Dingwall,15896.188047400000869,0.000000000000000,52.189821372852862,25.952947880621526,111.039758786089592,0.206640269096084
163,RAIL269,Dingwall - Conon Bridge,3948.627259589999994,0.000000000000000,0.000000000000000,0.000000000000000,0.040293779532639,0.041587600061267
164,RAIL270,Conon Bridge - Muir of Ord,5154.310411419999582,0.000000000000000,0.000000000000000,0.000000000000000,0.051292189132756,0.051292189132756
165,RAIL271,Muir of Ord - Beauly,4728.457697300000291,0.000000000000000,0.000000000000000,0.000000000000000,0.048095317001482,0.048095317001482
166,RAIL272,Beauly - Inverness,16551.371842500000639,0.000000000000000,0.000000000000000,0.000000000000000,0.256394244623212,0.259145095685805
167,RAIL273,Newton (S Lanarks) - Kirkhill,2323.701315320000049,0.000000000000000,0.000000000000000,0.000000000000000,0.035075290740207,0.035075290740207
168,RAIL274,Kirkhill - Burnside (Strathclyde),2257.867144249999910,0.000000000000000,0.000000000000000,0.000000000000000,0.035539435228113,0.035539435228113
169,RAIL275,Burnside (Strathclyde) - Croftfoot,1660.021962679999888,0.000000000000000,0.000000000000000,0.000000000000000,0.026118935118904,0.026118935118904
170,RAIL276,Croftfoot - Kings Park,1149.792989179999950,0.000000000000000,0.000000000000000,0.000000000000000,0.018242909379353,0.018242909379353
171,RAIL277,Kings Park - Langside,2139.366543539999839,0.000000000000000,0.000000000000000,0.000000000000000,0.031919018871329,0.031919018871329
172,RAIL278,Langside - Pollokshaws East,724.608778252999969,0.000000000000000,0.000000000000000,0.000000000000000,0.010281561705635,0.010281561705635
173,RAIL279,Pollokshaws East - Shawlands,624.868126823000011,0.000000000000000,0.000000000000000,0.000000000000000,0.007271243974095,0.007271243974095
174,RAIL280,Shawlands - Maxwell Park,1110.416921140000113,0.000000000000000,0.000000000000000,0.000000000000000,0.011996624380334,0.011996624380334
175,RAIL281,Maxwell Park - Pollokshields West,813.127212346999954,0.000000000000000,0.000000000000000,0.000000000000000,0.012940728149627,0.012940728149627
176,RAIL282,Pollokshields West - Glasgow Central,2748.098909889999959,0.000000000000000,0.000000000000000,0.000000000000000,0.028865041541313,0.029952821977344
177,RAIL284,Mount Florida - Crosshill,904.517818143999989,0.000000000000000,0.000000000000000,0.000000000000000,0.010159308858104,0.010159308858104
178,RAIL285,Crosshill - Queens Park (Glasgow),669.978241956000033,0.000000000000000,0.000000000000000,0.000000000000000,0.010230078156634,0.010230078156634
179,RAIL286,Queens Park (Glasgow) - Pollokshields East,725.753701223999997,0.000000000000000,0.000000000000000,0.000000000000000,0.007746384941859,0.007746384941859
180,RAIL287,Pollokshields East - Glasgow Central,2122.151404360000015,0.000000000000000,0.000000000000000,0.000000000000000,0.020581805282375,0.021669585718406
181,RAIL294,ROBROYSTON - Stepps,1938.975062250000065,0.000000000000000,0.000000000000000,0.000000000000000,0.030697642212749,0.030697642212749
182,RAIL316,Paisley Gilmour Street - Johnstone,5248.682773759999691,0.000000000000000,0.000000000000000,0.000000000000000,0.080428669928011,0.080428669928011
183,RAIL317,Johnstone - Milliken Park,2184.489509389999967,0.000000000000000,0.000000000000000,0.000000000000000,0.031794316992696,0.031794316992696
184,RAIL320,Dalry - Kilwinning,5674.970620019999842,0.000000000000000,0.000000000000000,0.000000000000000,0.052401075429362,0.052401075429362
185,RAIL321,Kilwinning - Stevenston,3747.588582889999998,0.000000000000000,0.000000000000000,0.000000000000000,0.048404269636491,0.048404269636491
186,RAIL322,Stevenston - Saltcoats,2159.686127110000143,0.000000000000000,0.000000000000000,0.000000000000000,0.033828579803911,0.033828579803911
187,RAIL323,Saltcoats - Ardrossan South Beach,1370.262293609999915,0.000000000000000,0.000000000000000,0.000000000000000,0.018620920919902,0.018620920919902
188,RAIL324,Ardrossan South Beach - Ardrossan Town,854.834422577000055,0.000000000000000,0.000000000000000,0.000000000000000,0.012258760735314,0.012258760735314
189,RAIL325,Ardrossan Town - Ardrossan Harbour,642.561364454000000,0.000000000000000,0.000000000000000,0.000000000000000,0.009015052804111,0.009015052804111
190,RAIL327,Kilwinning - Irvine,6123.335560929999701,0.000000000000000,0.000000000000000,0.000000000000000,0.061703533184946,0.063126728112792
191,RAIL329,Troon - Prestwick Intl Airport,4637.738631510000232,0.000000000000000,0.000000000000000,0.000000000000000,0.054314251997006,0.054314251997006
192,RAIL330,Prestwick Intl Airport - Prestwick,825.416722986999957,0.000000000000000,0.000000000000000,0.000000000000000,0.007454222459869,0.007454222459870
193,RAIL331,Prestwick - Newton-on-Ayr,3298.634101090000058,0.000000000000000,0.000000000000000,0.000000000000000,0.031753223404707,0.031753223404707
194,RAIL332,Newton-on-Ayr - Ayr,1902.551174819999915,0.000000000000000,0.000000000000000,0.000000000000000,0.018490989981230,0.019267575125485
195,RAIL360,Port Glasgow - Whinhill,3637.637546009999824,0.000000000000000,0.000000000000000,0.000000000000000,0.057231128145004,0.057231128145004
196,RAIL361,Whinhill - Drumfrochar,1786.892366390000007,0.000000000000000,0.000000000000000,0.000000000000000,0.028079468729770,0.028079468729770
197,RAIL362,Drumfrochar - Branchton,1886.397333070000059,0.000000000000000,0.000000000000000,0.000000000000000,0.029388841289167,0.029388841289167
198,RAIL363,Branchton - Inverkip,5954.364358449999600,0.000000000000000,0.000000000000000,0.000000000000000,0.078526116199137,0.078526116199137
199,RAIL364,Inverkip - Wemyss Bay,3667.404385610000190,0.000000000000000,0.000000000000000,0.000000000000000,0.037077520178041,0.037077520178041
200,RAIL376,Paisley Canal - Hawkhead,1808.355275359999951,0.000000000000000,0.000000000000000,0.000000000000000,0.026251458947947,0.026251458947947
201,RAIL377,Hawkhead - Crookston,2346.328596859999834,0.000000000000000,0.000000000000000,0.000000000000000,0.035243068921169,0.035243068921169
202,RAIL378,Crookston - Mosspark,1120.890095640000027,0.000000000000000,0.000000000000000,0.000000000000000,0.016892295529239,0.016892295529239
203,RAIL379,Mosspark - Corkerhill,964.338207532999945,0.000000000000000,0.000000000000000,0.000000000000000,0.014431361031520,0.014431361031520
204,RAIL380,Corkerhill - Dumbreck,2414.338029129999995,0.000000000000000,0.000000000000000,0.000000000000000,0.034984034421183,0.034984034421183
205,RAIL381,Dumbreck - Glasgow Central,3567.380704969999897,0.000000000000000,0.000000000000000,0.000000000000000,0.048347737262881,0.049474548952429
206,RAIL412,East Kilbride - Hairmyres,2574.958783179999955,0.000000000000000,0.000000000000000,0.000000000000000,0.040172074705308,0.040172074705308
207,RAIL413,Hairmyres - Thorntonhall,2471.530321820000154,0.000000000000000,0.000000000000000,0.000000000000000,0.034525602679438,0.034525602679438
208,RAIL414,Thorntonhall - Busby,1576.887254929999926,0.000000000000000,0.000000000000000,0.000000000000000,0.018006835074455,0.018006835074455
209,RAIL415,Busby - Clarkston,1338.614100770000050,0.000000000000000,0.000000000000000,0.000000000000000,0.016461766868761,0.016461766868761
210,RAIL416,Clarkston - Giffnock,1988.185148810000101,0.000000000000000,0.000000000000000,0.000000000000000,0.023206154690639,0.023206154690639
211,RAIL417,Giffnock - Thornliebank,1539.428327609999997,0.000000000000000,0.000000000000000,0.000000000000000,0.021098491588204,0.021098491588204
212,RAIL418,Thornliebank - Pollokshaws West,1758.409816339999907,0.000000000000000,0.000000000000000,0.000000000000000,0.020320167514891,0.020320167514891
213,RAIL428,Irvine - Barassie,5765.551121810000041,0.000000000000000,0.000000000000000,0.000000000000000,0.055422618373232,0.055422618373232
214,RAIL429,Barassie - Troon,2119.990907089999837,0.000000000000000,0.000000000000000,0.000000000000000,0.020439860142006,0.020439860142006
215,RAIL432,Neilston - Patterton,6130.316876629999570,0.000000000000000,0.000000000000000,0.000000000000000,0.093200797878765,0.093641854211796
216,RAIL433,Patterton - Whitecraigs,1589.838718539999945,0.000000000000000,0.000000000000000,0.000000000000000,0.025204011532369,0.025204011532369
217,RAIL434,Whitecraigs - Williamwood,1309.814326109999911,0.000000000000000,0.000000000000000,0.000000000000000,0.020087728037832,0.020087728037832
218,RAIL435,Williamwood - Muirend,2057.706394519999776,0.000000000000000,0.000000000000000,0.000000000000000,0.023037151047243,0.023037151047243
219,RAIL436,Muirend - Cathcart,1296.579643309999938,0.000000000000000,0.000000000000000,0.000000000000000,0.016509664196146,0.016509664196146
220,RAIL437,Cathcart - Mount Florida,1060.759165019999955,0.000000000000000,0.000000000000000,0.000000000000000,0.010626024711260,0.010626024711260
221,RAIL455,Glenrothes with Thornton - Markinch,5121.014292670000032,0.000000000000000,0.000000000000000,0.000000000000000,0.056544910216282,0.056544910216282
222,RAIL456,Markinch - Ladybank,9321.727529789999608,0.000000000000000,0.000000000000000,0.000000000000000,0.102175531319104,0.102175531319104
223,RAIL457,Ladybank - Perth,28724.467703700000129,0.000000000000000,0.000000000000000,0.000000000000000,0.386575131926283,0.386927661467890
224,RAIL465,Tweedbank - Galashiels,3461.464139400000022,0.000000000000000,0.000000000000000,0.000000000000000,0.050443218409964,0.050687416826610
225,RAIL466,Galashiels - Stow,10811.754705699999249,0.000000000000000,14.063567429404738,7.000060807169694,28.254601540989221,0.127891411368924
226,RAIL467,Stow - Gorebridge,23624.203550300000643,0.000000000000000,0.000000000000000,0.000000000000000,0.278832595958398,0.278832595958400
227,RAIL468,Gorebridge - Newtongrange,3815.565723480000088,0.000000000000000,0.000000000000000,0.000000000000000,0.042317053728732,0.042317053728732
228,RAIL469,Newtongrange - Eskbank,2002.798493530000087,0.000000000000000,0.000000000000000,0.000000000000000,0.022554898697633,0.022554898697633
229,RAIL472,Newcraighall - Brunstane,1250.191637820000096,0.000000000000000,0.000000000000000,0.000000000000000,0.014259746949374,0.014259746949374
230,RAIL473,Brunstane - Edinburgh,6087.390329109999584,0.000000000000000,0.000000000000000,0.000000000000000,0.091110793352490,0.091110793352490
231,RAIL483,North Berwick - Drem,7267.900741209999978,0.000000000000000,0.000000000000000,0.000000000000000,0.083327779912132,0.083327779912132
232,RAIL484,Drem - Longniddry,7231.530119689999992,0.000000000000000,0.000000000000000,0.000000000000000,0.106850757904695,0.106850757904695
233,RAIL485,Longniddry - Prestonpans,6072.504308919999858,0.000000000000000,0.000000000000000,0.000000000000000,0.090055073502989,0.090055073502989
234,RAIL486,Prestonpans - Wallyford,2892.489618539999810,0.000000000000000,0.000000000000000,0.000000000000000,0.042349779010968,0.042349779010968
235,RAIL487,Wallyford - Musselburgh,4102.151010970000243,0.000000000000000,0.000000000000000,0.000000000000000,0.060559271308179,0.060559271308179
236,RAIL488,Musselburgh - Edinburgh,8144.614460269999654,0.000000000000000,0.000000000000000,0.000000000000000,0.120598607813655,0.120598607813655
237,RAIL495,Aberdeen - Portlethen,13188.154126699999324,0.000000000000000,0.000000000000000,0.000000000000000,0.158730522228185,0.160301692880425
238,RAIL496,Portlethen - Stonehaven,12807.181563300000562,0.000000000000000,604.563648966227447,312.706112473744383,1400.616786291905328,0.145272751608322
239,RAIL497,Stonehaven - Laurencekirk,23269.022210499999346,0.000000000000000,0.000000000000000,0.000000000000000,0.307889049504312,0.307889049504312
240,RAIL498,Laurencekirk - Montrose,16143.695065100000647,0.000000000000000,0.000000000000000,0.000000000000000,0.181714387080640,0.181714387080640
241,RAIL499,Montrose - Arbroath,21923.247814499998640,0.000000000000000,0.000000000000000,0.000000000000000,0.257360334898236,0.261138900061712
242,RAIL500,Arbroath - Carnoustie,10304.336121300000741,0.000000000000000,26.879181076717053,12.883952636458043,59.641414258105073,0.138282236680565
243,RAIL502,Broughty Ferry - Dundee,6520.591627890000382,0.000000000000000,0.000000000000000,0.000000000000000,0.100993683725443,0.100993683725443
244,RAIL503,Dundee - Leuchars,13396.389200800000253,0.000000000000000,0.000000000000000,0.000000000000000,0.139096510965099,0.168940580647191
245,RAIL507,Markinch - Kirkcaldy,11834.148812299999918,0.000000000000000,0.000000000000000,0.000000000000000,0.128879385116346,0.128879385116346
246,RAIL513,Springburn - Barnhill,699.727109461000055,0.000000000000000,0.000000000000000,0.000000000000000,0.008922505373142,0.008922505373142
247,RAIL514,Barnhill - Alexandra Parade,1856.139129220000086,0.000000000000000,0.000000000000000,0.000000000000000,0.020396952147773,0.020396952147773
248,RAIL515,Alexandra Parade - Duke Street,565.802875414000027,0.000000000000000,0.000000000000000,0.000000000000000,0.005662681615848,0.005662681615848
249,RAIL516,Duke Street - Bellgrove,778.110896444999980,0.000000000000000,0.000000000000000,0.000000000000000,0.011742705416279,0.011742705416279
250,RAIL517,Bellgrove - High Street (Glasgow),1205.601190549999956,0.000000000000000,0.000000000000000,0.000000000000000,0.018447612533806,0.018447612533806
251,RAIL518,High Street (Glasgow) - Glasgow Queen Street,814.414996333999966,0.000000000000000,0.000000000000000,0.000000000000000,0.011868845590433,0.011868845590433
252,RAIL522,Slateford - Kingsknowe,1619.671657999999979,0.000000000000000,0.000000000000000,0.000000000000000,0.022994069497573,0.022994069497573
253,RAIL523,Kingsknowe - Wester Hailes,1309.886147239999900,0.000000000000000,0.000000000000000,0.000000000000000,0.019854832625402,0.019854832625402
254,RAIL524,Wester Hailes - Curriehill,2711.415686270000151,0.000000000000000,0.000000000000000,0.000000000000000,0.037607058850905,0.037607058850905
255,RAIL525,Curriehill - Kirknewton,7366.166515920000165,0.000000000000000,0.000000000000000,0.000000000000000,0.115318558242657,0.115318558242657
256,RAIL526,Kirknewton - Livingston South,4731.806529790000241,0.000000000000000,0.000000000000000,0.000000000000000,0.070969820924255,0.070969820924255
257,RAIL527,Livingston South - West Calder,4584.985871959999713,0.000000000000000,0.000000000000000,0.000000000000000,0.068052809303469,0.068052809303469
258,RAIL528,West Calder - Addiewell,2758.676750059999904,0.000000000000000,0.000000000000000,0.000000000000000,0.041041340716294,0.041041340716295
259,RAIL529,Addiewell - Breich,4254.716818580000108,0.000000000000000,0.000000000000000,0.000000000000000,0.063675788257447,0.063675788257447
260,RAIL530,Breich - Fauldhouse,3482.553135390000079,0.000000000000000,0.000000000000000,0.000000000000000,0.052630071833994,0.052630071833994
261,RAIL531,Fauldhouse - Shotts,5408.128415920000407,0.000000000000000,0.000000000000000,0.000000000000000,0.081607650188445,0.081607650188445
262,RAIL532,Shotts - Hartwood,2764.775227780000023,0.000000000000000,0.000000000000000,0.000000000000000,0.041796176222941,0.041796176222942
263,RAIL533,Hartwood - Cleland,4975.300987100000384,0.000000000000000,0.000000000000000,0.000000000000000,0.074073604159604,0.074073604159604
264,RAIL534,Cleland - Carfin,2948.129221419999794,0.000000000000000,0.000000000000000,0.000000000000000,0.046211124186941,0.046211124186941
265,RAIL535,Carfin - Holytown,1273.412073599999985,0.000000000000000,0.000000000000000,0.000000000000000,0.018765962504058,0.018765962504058
266,RAIL536,Holytown - Bellshill,3305.439077399999860,0.000000000000000,0.000000000000000,0.000000000000000,0.051206590038572,0.051206590038572
267,RAIL575,Clydebank - Yoker,1457.026259309999887,0.000000000000000,0.000000000000000,0.000000000000000,0.019895145819422,0.019895145819422
268,RAIL576,Yoker - Garscadden,1441.055176880000090,0.000000000000000,0.000000000000000,0.000000000000000,0.021884440507837,0.021884440507837
269,RAIL580,Hamilton Central - Chatelherault,2910.312160229999790,0.000000000000000,0.000000000000000,0.000000000000000,0.039101958045688,0.039101958045688
270,RAIL581,Chatelherault - Merryton,2583.355756380000003,0.000000000000000,0.000000000000000,0.000000000000000,0.032562148821662,0.032562148821662
271,RAIL582,Merryton - Larkhall,1166.482837000000018,0.000000000000000,0.000000000000000,0.000000000000000,0.011293987421638,0.011293987421638
272,RAIL583,Inverness - Carrbridge,44998.118878699999186,0.000000000000000,66.949819070336602,27.755708077677678,199.208941313382951,0.598660598081495
273,RAIL584,Carrbridge - Aviemore,10722.944430899999134,0.000000000000000,0.000000000000000,0.000000000000000,0.106669212517380,0.106669212517381
274,RAIL585,Aviemore - Kingussie,18879.893011200001638,0.000000000000000,0.000000000000000,0.000000000000000,0.255846093023981,0.255846093023980
275,RAIL587,Dalwhinnie - Blair Atholl,37661.282600999998976,0.000000000000000,393.871099442956620,196.807772186262497,788.253640871456128,0.513155360135808
276,RAIL588,Blair Atholl - Pitlochry,11024.466779799999131,0.000000000000000,0.000000000000000,0.000000000000000,0.146278852285530,0.146278852285530
277,RAIL589,Pitlochry - Dunkeld & Birnam,20782.935319000000163,0.000000000000000,97.556477199235815,48.717916685209445,195.354540921670178,0.242692719720743
278,RAIL590,Dunkeld & Birnam - Perth,25716.924506499999552,0.000000000000000,24.961630914093917,10.231891288559581,101.685526195409622,0.302584934546167
279,RAIL594,Dunblane - Gleneagles,19998.785048099998676,0.000000000000000,0.000000000000000,0.000000000000000,0.274549398550676,0.274549398550675
280,RAIL595,Gleneagles - Perth,25208.025950499999453,0.000000000000000,0.000000000000000,0.000000000000000,0.352041264501415,0.352041264501417
281,RAIL605,Inverness - Nairn,24371.218220800001291,0.000000000000000,0.000000000000000,0.000000000000000,0.368862410321502,0.368862410321495
282,RAIL606,Nairn - Forres,15294.334802299999865,0.000000000000000,0.000000000000000,0.000000000000000,0.247649163811555,0.248471863267564
283,RAIL607,Forres - Elgin,19689.679999100000714,0.000000000000000,0.000000000000000,0.000000000000000,0.319338267379456,0.319707160179102
284,RAIL609,Dalwhinnie - Newtonmore,16375.845024700000067,0.000000000000000,0.000000000000000,0.000000000000000,0.187460179537996,0.187460179537998
285,RAIL610,Newtonmore - Kingussie,4694.355746619999991,0.000000000000000,0.000000000000000,0.000000000000000,0.070219939654757,0.070219939654757
286,RAIL613,Stranraer - Barrhill,41212.417766899998242,0.000000000000000,129.060565146463915,42.866653794944014,1220.123569744719816,0.492970848362747
287,RAIL614,Barrhill - Girvan,19766.314378399998532,0.000000000000000,0.000000000000000,0.000000000000000,0.217723871356835,0.217723871356834
288,RAIL615,Girvan - Maybole,19882.256161599998450,0.000000000000000,0.000000000000000,0.000000000000000,0.259984489910080,0.259984489910081
289,RAIL616,Maybole - Ayr,14469.663514399999258,0.000000000000000,0.000000000000000,0.000000000000000,0.168002263254506,0.168002263254506
290,RAIL617,Balloch - Alexandria,2001.805152809999981,0.000000000000000,0.000000000000000,0.000000000000000,0.018920181985520,0.018920181985520
291,RAIL618,Alexandria - Renton,1806.787996900000053,0.000000000000000,0.000000000000000,0.000000000000000,0.018818924883493,0.018818924883493
292,RAIL619,Renton - Dalreoch,2665.760066570000163,0.000000000000000,0.000000000000000,0.000000000000000,0.025685126634662,0.025685126634662
293,RAIL620,Dumbarton Central - Dumbarton East,1048.008528759999990,0.000000000000000,0.000000000000000,0.000000000000000,0.014477951989259,0.014477951989259
294,RAIL621,Dumbarton East - Bowling,4370.826870300000337,0.000000000000000,0.000000000000000,0.000000000000000,0.064047671681081,0.064047671681081
295,RAIL622,Bowling - Kilpatrick,2672.728345640000043,0.000000000000000,0.000000000000000,0.000000000000000,0.041116139575640,0.041116139575640
296,RAIL623,Kilpatrick - Dalmuir,2207.752821640000093,0.000000000000000,0.000000000000000,0.000000000000000,0.029779231350747,0.029779231350747
297,RAIL639,Milliken Park - Howwood (Renfrewshire),2477.061349390000032,0.000000000000000,0.000000000000000,0.000000000000000,0.032983796287894,0.032983796287894
298,RAIL640,Howwood (Renfrewshire) - Lochwinnoch,4329.358351030000449,0.000000000000000,0.000000000000000,0.000000000000000,0.058806454446488,0.058806454446488
299,RAIL642,Glengarnock - Dalry,4375.911290060000283,0.000000000000000,0.000000000000000,0.000000000000000,0.049877815068652,0.049877815068652
300,RAIL643,Ardrossan South Beach - West Kilbride,7233.677655999999843,0.000000000000000,0.000000000000000,0.000000000000000,0.080768440948733,0.080768440948733
301,RAIL644,West Kilbride - Fairlie,6533.719855610000195,0.000000000000000,0.000000000000000,0.000000000000000,0.064062530664505,0.064062530664505
302,RAIL645,Fairlie - Largs,4774.452697050000097,0.000000000000000,0.000000000000000,0.000000000000000,0.046574549265983,0.046574549265983
303,RAIL648,Edinburgh Park - Uphall,12670.437873299999410,0.000000000000000,0.000000000000000,0.000000000000000,0.197147863499510,0.197147863499509
304,RAIL649,Uphall - Livingston North,3382.166789859999881,0.000000000000000,0.000000000000000,0.000000000000000,0.046426631643453,0.046426631643453
305,RAIL65,Westerton - Anniesland,2150.637221380000028,0.000000000000000,0.000000000000000,0.000000000000000,0.024963666594272,0.025098672725399
306,RAIL650,Livingston North - Bathgate,5945.031158159999904,0.000000000000000,0.000000000000000,0.000000000000000,0.092953298105252,0.092953298105253
307,RAIL66,Anniesland - Hyndland,1437.158694579999974,0.000000000000000,0.000000000000000,0.000000000000000,0.017170870939004,0.017170870939004
308,RAIL661,Dingwall - Garve,19029.250669699998980,0.000000000000000,147.592770841067306,67.170028003506516,339.062402560666612,0.287470015115329
309,RAIL662,Garve - Lochluichart,8596.109618509999564,0.000000000000000,0.000000000000000,0.000000000000000,0.128815577599934,0.128815577599934
310,RAIL663,Lochluichart - Achanalt,6908.577671170000031,0.000000000000000,0.000000000000000,0.000000000000000,0.108337371152065,0.108337371152065
311,RAIL664,Achanalt - Achnasheen,10411.629276499999833,0.000000000000000,0.000000000000000,0.000000000000000,0.163462849647088,0.163462849647088
312,RAIL665,Achnasheen - Achnashellach,20203.955507400001807,0.000000000000000,255.331313381299765,81.009365606548954,2870.983811030099787,0.288778928610278
313,RAIL666,Achnashellach - Strathcarron,8830.749144069999602,0.000000000000000,0.000000000000000,0.000000000000000,0.113261602732103,0.113261602732103
314,RAIL667,Strathcarron - Attadale,3687.281511940000200,0.000000000000000,43.287882693164406,17.859279893614289,159.184289935381514,0.042054287335676
315,RAIL668,Attadale - Stromeferry,8075.981341419999808,0.000000000000000,20.101457187913184,9.351158412317464,74.550605699729644,0.110245829811444
316,RAIL669,Stromeferry - Duncraig,6231.978869560000021,0.000000000000000,101.000000000000000,50.477085536585847,202.091865628231631,0.092981592232324
317,RAIL67,Hyndland - Partick,1199.564066550000007,0.000000000000000,0.000000000000000,0.000000000000000,0.012134113773748,0.012134113773748
318,RAIL670,Duncraig - Plockton,1859.155113719999918,0.000000000000000,0.000000000000000,0.000000000000000,0.029277901950992,0.029519232069441
319,RAIL671,Plockton - Duirinish,2303.865248909999991,0.000000000000000,0.000000000000000,0.000000000000000,0.030690371077901,0.030690371077901
320,RAIL672,Duirinish - Kyle of Lochalsh,6479.249376689999735,0.000000000000000,71.431397969645332,35.270996546459507,174.921750224166487,0.082762723224624
321,RAIL68,Partick - Exhibition Centre (Glasgow),1922.593510239999887,0.000000000000000,0.000000000000000,0.000000000000000,0.027039719148512,0.027313825104003
322,RAIL698,Airdrie - Coatdyke,1413.454336770000054,0.000000000000000,0.000000000000000,0.000000000000000,0.022214030397370,0.022214030397370
323,RAIL699,Coatdyke - Coatbridge Sunnyside,1569.603738849999900,0.000000000000000,0.000000000000000,0.000000000000000,0.023882143260235,0.023882143260235
324,RAIL700,Coatbridge Sunnyside - Blairhill,1003.434449679999943,0.000000000000000,0.000000000000000,0.000000000000000,0.015355462833072,0.015355462833072
325,RAIL701,Blairhill - Easterhouse,4197.582514370000354,0.000000000000000,0.000000000000000,0.000000000000000,0.064939782556867,0.064939782556867
326,RAIL702,Easterhouse - Garrowhill,1531.809295719999909,0.000000000000000,0.000000000000000,0.000000000000000,0.023012990308831,0.023012990308831
327,RAIL703,Garrowhill - Shettleston,1972.333671130000084,0.000000000000000,0.000000000000000,0.000000000000000,0.030900971094905,0.030900971094905
328,RAIL704,Shettleston - Carntyne,1173.889667850000023,0.000000000000000,0.000000000000000,0.000000000000000,0.018602578679962,0.018602578679962
329,RAIL705,Carntyne - Bellgrove,2901.463657710000007,0.000000000000000,0.000000000000000,0.000000000000000,0.045981164435719,0.045981164435719
330,RAIL706,Westerton - Drumchapel,1821.157323619999943,0.000000000000000,0.000000000000000,0.000000000000000,0.028337591751346,0.028337591751346
331,RAIL707,Drumchapel - Drumry,1437.207445300000018,0.000000000000000,0.000000000000000,0.000000000000000,0.022705604016343,0.022705604016343
332,RAIL708,Drumry - Singer,1357.977014430000054,0.000000000000000,0.000000000000000,0.000000000000000,0.020651920467520,0.020651920467520
333,RAIL709,Singer - Dalmuir,1414.974111239999957,0.000000000000000,0.000000000000000,0.000000000000000,0.021623728683254,0.021623728683254
334,RAIL711,Dalreoch - Cardross,5159.136009689999810,0.000000000000000,0.000000000000000,0.000000000000000,0.077806051161378,0.077806051161378
335,RAIL712,Cardross - Craigendoran,5688.939571519999845,0.000000000000000,0.000000000000000,0.000000000000000,0.071462263870694,0.071462263870694
336,RAIL713,Craigendoran - Helensburgh Central,2636.954348149999987,0.000000000000000,0.000000000000000,0.000000000000000,0.036738786946414,0.036738786946414
337,RAIL714,Bathgate - Armadale (W Lothian),4672.577970739999728,0.000000000000000,0.000000000000000,0.000000000000000,0.067712208141444,0.067712208141444
338,RAIL715,Armadale (W Lothian) - Blackridge,12623.669508799999676,0.000000000000000,0.000000000000000,0.000000000000000,0.186816178705952,0.186816178705951
339,RAIL716,Blackridge - Caldercruix,8911.816383999999744,0.000000000000000,0.000000000000000,0.000000000000000,0.138742079054173,0.138742079054173
340,RAIL717,Caldercruix - Drumgelloch,4755.527812389999781,0.000000000000000,0.000000000000000,0.000000000000000,0.066503202963644,0.066503202963645
341,RAIL718,Drumgelloch - Airdrie,2579.256899630000134,0.000000000000000,0.000000000000000,0.000000000000000,0.040383183001439,0.040383183001439
342,RAIL72,Rutherglen - Cambuslang,2827.208507400000144,0.000000000000000,0.000000000000000,0.000000000000000,0.041254594389164,0.041254594389164
343,RAIL73,Cambuslang - Newton (S Lanarks),2559.402030180000111,0.000000000000000,0.000000000000000,0.000000000000000,0.040309671480789,0.040309671480789
344,RAIL748,Rutherglen - Carmyle,3543.205866109999988,0.000000000000000,0.000000000000000,0.000000000000000,0.054396927133381,0.054951153220339
345,RAIL749,Carmyle - Mount Vernon,1668.234996989999900,0.000000000000000,0.000000000000000,0.000000000000000,0.025146253576459,0.025146253576459
346,RAIL750,Mount Vernon - Baillieston,1339.796147130000008,0.000000000000000,0.000000000000000,0.000000000000000,0.020436920453936,0.020436920453936
347,RAIL753,Kirkwood - Whifflet,1946.686844280000059,0.000000000000000,0.000000000000000,0.000000000000000,0.030290769090699,0.030290769090699
348,RAIL754,Whifflet - Motherwell,7355.969457889999831,0.000000000000000,0.000000000000000,0.000000000000000,0.073314961420074,0.073314961420073
349,RAIL766,Carstairs - Carluke,13493.348072000000684,0.000000000000000,0.000000000000000,0.000000000000000,0.193595681270108,0.193595681270107
350,RAIL770,Wishaw - Holytown,5838.879022660000373,0.000000000000000,0.000000000000000,0.000000000000000,0.068442694499612,0.068442694499612
351,RAIL779,Whifflet - Coatbridge Central,1299.737109220000093,0.000000000000000,0.000000000000000,0.000000000000000,0.016189210035475,0.016189210035475
352,RAIL780,Coatbridge Central - Greenfaulds,9342.435382469999240,0.000000000000000,0.000000000000000,0.000000000000000,0.102611137178280,0.102611137178280
353,RAIL788,Uddingston - Motherwell,7128.077535069999612,0.000000000000000,0.000000000000000,0.000000000000000,0.100235475653646,0.100235475653646
354,RAIL795,Kirknewton - Carstairs,28067.374156800000492,0.000000000000000,0.000000000000000,0.000000000000000,0.327922588550298,0.327922588550298
355,RAIL807,Drem - Dunbar,18303.573603600001661,0.000000000000000,0.000000000000000,0.000000000000000,0.279731720895460,0.279908276524986
356,RAIL81,Newton (S Lanarks) - Blantyre,3952.588442849999865,0.000000000000000,0.000000000000000,0.000000000000000,0.052511060433265,0.052511060433265
357,RAIL811,Linlithgow - Dalmeny,15754.714730100000452,0.000000000000000,0.000000000000000,0.000000000000000,0.235232221831730,0.235232221831730
358,RAIL82,Blantyre - Hamilton West,2908.115901319999921,0.000000000000000,0.000000000000000,0.000000000000000,0.037366370453469,0.037366370453469
359,RAIL83,Hamilton West - Hamilton Central,1313.828092989999959,0.000000000000000,0.000000000000000,0.000000000000000,0.017837338123166,0.017837338123166
360,RAIL84,Hamilton Central - Airbles,4031.398493300000155,0.000000000000000,0.000000000000000,0.000000000000000,0.052689685404006,0.052689685404006
361,RAIL843,Troon - Kilmarnock,14708.617782499999521,0.000000000000000,0.000000000000000,0.000000000000000,0.191522287700004,0.191522287700004
362,RAIL861,Langside - Cathcart,1204.052460370000063,0.000000000000000,0.000000000000000,0.000000000000000,0.017641301475931,0.017641301475931
363,RAIL862,Carnoustie - Golf Street,853.355734020000000,0.000000000000000,0.000000000000000,0.000000000000000,0.013367950140447,0.013367950140447
364,RAIL863,Golf Street - Barry Links,1676.166380990000107,0.000000000000000,0.000000000000000,0.000000000000000,0.026253369884857,0.026253369884857
365,RAIL864,Barry Links - Monifieth,4712.964825119999659,0.000000000000000,0.000000000000000,0.000000000000000,0.073794675040842,0.073794675040842
366,RAIL865,Monifieth - Balmossie,1415.712130509999952,0.000000000000000,0.000000000000000,0.000000000000000,0.021370063969247,0.021548424601454
367,RAIL866,Balmossie - Broughty Ferry,2328.336969290000070,0.000000000000000,107.794306787065580,53.888675149875347,215.622531888729327,0.035262766201671
368,RAIL876,Perth - Invergowrie,28394.990546100001666,0.000000000000000,0.000000000000000,0.000000000000000,0.408211307183626,0.411662216624027
369,RAIL877,Invergowrie - Dundee,5648.454614039999797,0.000000000000000,0.000000000000000,0.000000000000000,0.088037070052844,0.088037070052844
370,RAIL882,Ladybank - Springfield,5212.048547819999840,0.000000000000000,0.000000000000000,0.000000000000000,0.075554984321886,0.075554984321886
371,RAIL883,Springfield - Cupar,3671.923820439999872,0.000000000000000,0.000000000000000,0.000000000000000,0.049034508207329,0.049034508207329
372,RAIL884,Inverurie - Dyce,17128.408320899998216,0.000000000000000,0.000000000000000,0.000000000000000,0.225350130230760,0.225350130230760
373,RAIL885,Dyce - Aberdeen,9972.245529320000060,0.000000000000000,0.000000000000000,0.000000000000000,0.124350296400206,0.124350296400206
374,RAIL924,Huntly - Insch,21370.447272800000064,0.000000000000000,79.951332000753609,39.434142204129458,378.365895423452685,0.278944446239872
375,RAIL925,Insch - Inverurie,17200.081970100000035,0.000000000000000,0.000000000000000,0.000000000000000,0.258211822477302,0.258211822477302
376,RAIL926,Elgin - Keith,29894.171137199999066,0.000000000000000,0.000000000000000,0.000000000000000,0.426093917385994,0.426249532002678
377,RAIL927,Keith - Huntly,20035.778796099999454,0.000000000000000,0.000000000000000,0.000000000000000,0.263624436135055,0.263624436135057
378,Helper,Helensburgh Upper - Craigendoran,2921.138394510000126,0.000000000000000,0.000000000000000,0.000000000000000,0.036568830530678,0.036568830530678
379,RAIL176,Kinghorn - Burntisland,4187.548598780000248,0.000000000000000,0.000000000000000,0.000000000000000,0.061970235239424,0.061970235239424
380,RAIL293,Springburn - ROBROYSTON,4411.886265009999988,0.000000000000000,0.000000000000000,0.000000000000000,0.063331210347700,0.063331210347700
381,RAIL837,Motherwell - Holytown,4349.772012800000084,0.000000000000000,0.000000000000000,0.000000000000000,0.049512634203188,0.049512634203188
